<?xml version="1.0" encoding="GBK"?>
<FIXML>
   <Header>
      <ResponseHeader>
         <RequestMessageKey>
            <RequestUUID>Req_1300000162796</RequestUUID>
            <ServiceRequestId>executeFinacleScript</ServiceRequestId>
            <ServiceRequestVersion>4</ServiceRequestVersion>
            <ChannelId>RIB</ChannelId>
         </RequestMessageKey>
         <ResponseMessageInfo>
            <BankId>01</BankId>
            <TimeZone>GMT+08:00</TimeZone>
            <MessageDateTime>2016-08-18T15:15:15.739</MessageDateTime>
         </ResponseMessageInfo>
         <UBUSTransaction>
            <Id />
            <Status />
         </UBUSTransaction>
         <HostTransaction>
            <Id />
            <Status>SUCCESS</Status>
         </HostTransaction>
         <HostParentTransaction>
            <Id />
            <Status />
         </HostParentTransaction>
         <CustomInfo />
      </ResponseHeader>
   </Header>
   <Body>
   		 <executeFinacleScriptResponse>
         <executeFinacleScript_CustomData>
          	<TranNo>200000</TranNo>
          	<Status>
               <Flag>0</Flag>
               <Desc />
            </Status>
            
         </executeFinacleScript_CustomData>
      </executeFinacleScriptResponse>
	</Body>
</FIXML>

