<?xml version="1.0" encoding="UTF-8"?>
<FIXML>
	<Header>
		<ResponseHeader>
			<RequestMessageKey>
				<RequestUUID></RequestUUID>
				<ServiceRequestId></ServiceRequestId>
				<ServiceRequestVersion></ServiceRequestVersion>
				<ChannelId></ChannelId>
			</RequestMessageKey>
			<ResponseMessageInfo>
				<BankId></BankId>
				<TimeZone></TimeZone>
				<MessageDateTime></MessageDateTime>
			</ResponseMessageInfo>
			<UBUSTransaction>
				<Id />
				<Status />
			</UBUSTransaction>
			<HostTransaction>
				<Id />
				<Status></Status>
			</HostTransaction>
			<HostParentTransaction>
				<Id />
				<Status />
			</HostParentTransaction>
			<CustomInfo />
		</ResponseHeader>
	</Header>
	<Body>
   		 <executeFinacleScriptResponse>
         <executeFinacleScript_CustomData>
          	<TranNo></TranNo>
          	<Status>
               <Flag></Flag>
               <Desc />
            </Status>
         </executeFinacleScript_CustomData>
      </executeFinacleScriptResponse>
	</Body>
</FIXML>
