<?xml version="1.0" encoding="UTF-8"?>
<FIXML>
	<Header>
		<ResponseHeader>
			<RequestMessageKey>
				<RequestUUID></RequestUUID>
				<ServiceRequestId></ServiceRequestId>
				<ServiceRequestVersion></ServiceRequestVersion>
				<ChannelId></ChannelId>
			</RequestMessageKey>
			<ResponseMessageInfo>
				<BankId></BankId>
				<TimeZone></TimeZone>
				<MessageDateTime></MessageDateTime>
			</ResponseMessageInfo>
			<UBUSTransaction>
				<Id />
				<Status />
			</UBUSTransaction>
			<HostTransaction>
				<Id />
				<Status></Status>
			</HostTransaction>
			<HostParentTransaction>
				<Id />
				<Status />
			</HostParentTransaction>
			<CustomInfo />
		</ResponseHeader>
	</Header>
	<Body>
					<TransactionStatus FiledName="AdviceSchema.transactionStatus"></TransactionStatus>
					<Verified FiledName="AdviceSchema.verified"></Verified>
					<ContNo FiledName="AdviceSchema.contNo"></ContNo>
					<ProposalPrtNo FiledName="AdviceSchema.proposalPrtNo"></ProposalPrtNo>
					<TranDate FiledName="AdviceSchema.tranDate"></TranDate>
					<TranTime FiledName="AdviceSchema.tranTime"></TranTime>
					<PostalCode FiledName="AdviceSchema.postalCode"></PostalCode>
					<CityNative FiledName="AdviceSchema.cityNative"></CityNative>
					<CityNative2 FiledName="AdviceSchema.cityNative2"></CityNative2>
					<addr1 FiledName="AdviceSchema.addr1"></addr1 >
					<addr2 FiledName="AdviceSchema.addr2"></addr2>
					<CustName FiledName="AdviceSchema.custName"></CustName>
					<CustName2 FiledName="AdviceSchema.custName2"></CustName2>
					<ProductName FiledName="AdviceSchema.productName"></ProductName>
					<ProductName2 FiledName="AdviceSchema.productName2"></ProductName2>
					<CompanName FiledName="AdviceSchema.companName"></CompanName>
					<CompanName2 FiledName="AdviceSchema.companName2"></CompanName2>
					<ApplicationOrPolicy FiledName="AdviceSchema.applicationOrPolicy"></ApplicationOrPolicy>
					<ContNoOrPrtNo FiledName="AdviceSchema.contNoOrPrtNo"></ContNoOrPrtNo>
					<InsuredDate FiledName="AdviceSchema.insuredDate"></InsuredDate>
					<PremiumNature FiledName="AdviceSchema.premiumNature"></PremiumNature>
					<PremiumNature2 FiledName="AdviceSchema.premiumNature2"></PremiumNature2>
					<PremiumCcy FiledName="AdviceSchema.premiumCcy"></PremiumCcy>
					<PremiumAmt FiledName="AdviceSchema.premiumAmt"></PremiumAmt>
					<PremiumDeductionDate FiledName="AdviceSchema.premiumDeductionDate"></PremiumDeductionDate>
					<AccountNo FiledName="AdviceSchema.accountNo"></AccountNo>
					<TransRefNo FiledName="AdviceSchema.transRefNo"></TransRefNo>
					<Remarks FiledName="AdviceSchema.remarks"></Remarks>
					<BranchName FiledName="AdviceSchema.branchName"></BranchName>
					<BranchName2 FiledName="AdviceSchema.branchName2"></BranchName2>
	</Body>
	<ClassTag>
	<classInfo_sino name="AdviceSchema"   absolutePath="com.sinosoft.lis.schema.AdviceSchema"/>
	</ClassTag>
</FIXML>
